{ 
    "resource_pack_name": "custom_block_resource_pack", 
    "texture_name": "atlas.terrain", 
    "padding": 8, 
    "num_mip_levels": 4, 
    "texture_data": { 
        "die_1": { 
            "textures": "textures/blocks/die_1" 
        }, 
        "die_2": { 
            "textures": "textures/blocks/die_2" 
        }, 
        "die_3": { 
            "textures": "textures/blocks/die_3" 
        }, 
        "die_4": { 
            "textures": "textures/blocks/die_4" 
        }, 
        "die_5": { 
            "textures": "textures/blocks/die_5" 
        }, 
        "die_6": { 
            "textures": "textures/blocks/die_6" 
        }, 
        "die_red": { 
            "textures": "textures/blocks/die_red" 
        }
    } 
}